{"GdH2_0.8": {"energy": -2743.61510057, "forces": [[0.0, 0.0, 0.0], [0.0, 0.0, 0.0], [0.0, 0.0, 0.0], [0.0, 0.0, 0.0], [-3.57e-06, -3.57e-06, -3.57e-06], [-3.57e-06, 3.57e-06, 3.57e-06], [3.57e-06, -3.57e-06, 3.57e-06], [3.57e-06, 3.57e-06, -3.57e-06], [-3.57e-06, 3.57e-06, -3.57e-06], [-3.57e-06, -3.57e-06, 3.57e-06], [3.57e-06, 3.57e-06, 3.57e-06], [3.57e-06, -3.57e-06, -3.57e-06]]}, "GdH2_0.9": {"energy": -2743.70379732, "forces": [[0.0, 0.0, 0.0], [0.0, 0.0, 0.0], [0.0, 0.0, 0.0], [0.0, 0.0, 0.0], [-1.202e-05, -1.202e-05, -1.202e-05], [-1.202e-05, 1.202e-05, 1.202e-05], [1.202e-05, -1.202e-05, 1.202e-05], [1.202e-05, 1.202e-05, -1.202e-05], [-1.202e-05, 1.202e-05, -1.202e-05], [-1.202e-05, -1.202e-05, 1.202e-05], [1.202e-05, 1.202e-05, 1.202e-05], [1.202e-05, -1.202e-05, -1.202e-05]]}, "GdH2_1.1": {"energy": -2743.71201235, "forces": [[0.0, 0.0, 0.0], [0.0, -0.0, -0.0], [0.0, 0.0, 0.0], [0.0, 0.0, 0.0], [4.6e-07, 4.6e-07, 4.6e-07], [4.6e-07, -4.6e-07, -4.6e-07], [-4.6e-07, 4.6e-07, -4.6e-07], [-4.6e-07, -4.6e-07, 4.6e-07], [4.6e-07, -4.6e-07, 4.6e-07], [4.6e-07, 4.6e-07, -4.6e-07], [-4.6e-07, -4.6e-07, -4.6e-07], [-4.6e-07, 4.6e-07, 4.6e-07]]}, "GdH2_1.2": {"energy": -2743.67261462, "forces": [[0.0, 0.0, 0.0], [0.0, 0.0, 0.0], [0.0, -0.0, 0.0], [0.0, -0.0, 0.0], [-2.74e-06, -2.74e-06, -2.74e-06], [-2.74e-06, 2.74e-06, 2.74e-06], [2.74e-06, -2.74e-06, 2.74e-06], [2.74e-06, 2.74e-06, -2.74e-06], [-2.74e-06, 2.74e-06, -2.74e-06], [-2.74e-06, -2.74e-06, 2.74e-06], [2.74e-06, 2.74e-06, 2.74e-06], [2.74e-06, -2.74e-06, -2.74e-06]]}, "GdH2_1": {"energy": -2743.7275705, "forces": [[0.0, -0.0, -0.0], [0.0, 0.0, 0.0], [0.0, -0.0, 0.0], [0.0, 0.0, 0.0], [-1.002e-05, -1.002e-05, -1.002e-05], [-1.002e-05, 1.002e-05, 1.002e-05], [1.002e-05, -1.002e-05, 1.002e-05], [1.002e-05, 1.002e-05, -1.002e-05], [-1.002e-05, 1.002e-05, -1.002e-05], [-1.002e-05, -1.002e-05, 1.002e-05], [1.002e-05, 1.002e-05, 1.002e-05], [1.002e-05, -1.002e-05, -1.002e-05]]}, "Gd_0.8": {"energy": -1366.92128583, "forces": [[-1.77e-06, 5.324e-05, -0.0012423], [1.77e-06, -5.324e-05, 0.0012423]]}, "Gd_0.9": {"energy": -1366.9220263, "forces": [[-0.00018019, 0.00013163, 0.0], [0.00018019, -0.00013163, 0.0]]}, "Gd_1.1": {"energy": -1366.90852317, "forces": [[-0.00013175, -1.012e-05, 0.0], [0.00013175, 1.012e-05, 0.0]]}, "Gd_1.2": {"energy": -1366.89674168, "forces": [[-4.94e-05, 0.00018229, 0.0], [4.94e-05, -0.00018229, 0.0]]}, "Gd_1": {"energy": -1366.91713853, "forces": [[-1.219e-05, 0.00019764, 0.0], [1.219e-05, -0.00019764, 0.0]]}}