total_energy,dir,name
-1119.19531207,.,Gd_0.8
-1119.22835267,.,Gd_0.95
-1119.22220266,.,Gd_0.9
-1119.2304591,.,Gd_1.05
-1119.22758891,.,Gd_1.1
-1119.21619399,.,Gd_1.2
-2248.29964639,.,GdH2_0.8
-2248.40554447,.,GdH2_0.9
-1119.23092151,.,Gd_1
-2248.42379004,.,GdH2_0.95
-2248.41435096,.,GdH2_1.05
-2248.32905544,.,GdH2_1.2
-2248.39329351,.,GdH2_1.1
-2248.42549362,.,GdH2_1
